rank,base,chi,A/S,alpha,beta,gamma,delta,epsilon,zeta,e-z,BI/BII,eta,theta,eta',theta',"eta""","theta""",sequence,name
1,A:...2_:[..G]G,-169.2,anti,-167.0,57.2,79.5,-143.4,-69.7,-73.7,BI,,NA,-135.6,NA,-130.7,NA,-96.6,G,1XJR
2,A:...3_:[..A]A,-167.6,anti,-59.8,171.0,48.5,80.7,-152.1,-77.0,-75.1,BI,165.3,-147.9,-177.4,-148.6,-124.7,-134.2,A,1XJR
3,A:...4_:[..G]G,-169.1,anti,-60.6,172.5,46.8,74.6,-159.6,-62.7,-96.8,BI,170.1,-149.0,177.7,-143.9,-154.7,-108.1,G,1XJR
4,A:...5_:[..U]U,-163.4,anti,-71.0,166.3,62.6,78.3,-146.8,-76.4,-70.4,BI,171.4,-145.0,-170.9,-144.8,-121.0,-114.3,U,1XJR
5,A:...6_:[..U]U,-158.8,anti,-62.6,169.0,52.6,80.3,-139.8,-83.6,-56.2,BI,169.4,-147.5,-177.8,-146.7,-132.9,-118.7,U,1XJR
6,A:...7_:[..C]C,-156.7,anti,-54.4,163.5,45.1,82.6,-143.3,-74.4,-68.9,BI,165.0,-140.8,176.8,-141.7,-140.9,-121.1,C,1XJR
7,A:...8_:[..A]A,-166.1,anti,-64.9,165.9,59.0,80.1,-144.0,-81.8,-62.2,BI,167.4,-146.9,-178.2,-145.9,-140.4,-118.6,A,1XJR
8,A:...9_:[..C]C,-160.6,anti,-44.9,163.0,41.2,79.6,-154.1,-65.8,-88.3,BI,171.3,-138.9,-174.2,-136.3,-132.1,-86.3,C,1XJR
9,A:..10_:[..C]C,-150.6,anti,-58.0,163.9,47.8,77.9,-165.9,-149.3,-16.6,BI,167.5,134.3,-173.9,123.1,-107.7,102.3,C,1XJR
10,A:..11_:[..G]G,-164.5,anti,-160.3,-176.0,74.0,72.7,-158.0,-59.0,-99.0,BI,113.1,-141.4,105.6,-142.3,101.5,-101.2,G,1XJR
11,A:..12_:[..A]A,-156.9,anti,-99.4,-173.5,72.5,76.8,-113.3,-89.0,-24.3,BI,171.5,-137.0,-178.0,-124.8,-124.8,-90.1,A,1XJR
12,A:..13_:[..G]G,172.7,anti,-48.3,-170.1,38.3,92.7,-151.1,-63.3,-87.8,BI,-175.9,-127.6,-167.3,-121.5,-133.4,-92.2,G,1XJR
13,A:..14_:[..G]G,-174.1,anti,-83.9,-171.1,63.9,80.6,-148.7,-65.0,-83.7,BI,172.7,-133.7,-168.1,-129.5,-122.1,-82.2,G,1XJR
14,A:..15_:[..C]C,-160.2,anti,-68.4,175.5,49.5,81.7,-168.2,-63.2,-105.0,BI,162.0,-139.6,-176.0,-140.6,-107.9,-116.0,C,1XJR
15,A:..16_:[..C]C,-169.1,anti,-100.9,-170.3,76.5,81.7,-146.7,-74.1,-72.6,BI,170.1,-142.6,-177.4,-141.5,-137.2,-115.7,C,1XJR
16,A:..17_:[..A]A,-155.2,anti,-64.3,170.3,50.7,79.8,-151.9,-69.8,-82.1,BI,165.1,-143.3,-179.6,-140.8,-138.3,-98.8,A,1XJR
17,A:..18_:[..C]C,-140.8,anti,-60.7,178.6,50.3,82.8,-145.1,-86.8,-58.2,BI,175.3,-149.2,-171.7,-139.0,-120.2,-119.1,C,1XJR
18,A:..19_:[..G]G,-114.1,anti,-55.0,164.1,59.4,152.9,-83.0,124.4,152.6,BII,-166.4,-177.2,-133.1,157.5,-115.9,171.9,G,1XJR
19,A:..20_:[..C]C,-167.4,anti,-44.6,80.2,128.7,70.5,-132.4,-89.2,-43.2,BI,-104.6,175.0,-102.6,176.7,-84.7,-160.0,C,1XJR
20,A:..21_:[..G]G,-147.8,anti,-68.2,160.4,52.8,76.2,-147.2,-46.1,-101.1,BI,160.0,-123.1,169.5,-119.0,-157.7,-77.7,G,1XJR
21,A:..22_:[..G]G,-152.0,anti,-72.7,178.8,54.3,88.3,-142.4,-59.6,-82.9,BI,172.9,-113.5,-163.2,-157.5,-103.6,142.9,G,1XJR
22,A:..23_:[..A]A,-162.8,anti,179.5,150.1,39.9,86.8,-142.8,-68.1,-74.7,BI,26.0,-127.7,51.0,-126.6,27.8,-78.7,A,1XJR
23,A:..24_:[..G]G,-147.8,anti,-88.8,172.3,76.0,90.5,-106.9,-158.5,51.6,BII,175.9,-164.9,-164.2,162.9,-103.1,128.5,G,1XJR
24,A:..25_:[..U]U,-94.3,anti,86.8,-124.4,108.7,105.4,-132.8,-51.0,-81.9,BI,75.8,-79.7,78.7,-84.1,53.5,-48.5,U,1XJR
25,A:..26_:[..A]A,-174.8,anti,-91.4,-129.3,64.1,83.9,-154.6,-57.1,-97.5,BI,-174.9,-124.3,-144.3,-119.7,-132.0,-63.8,A,1XJR
26,A:..27_:[..C]C,-155.6,anti,-89.0,-170.1,57.2,86.7,-152.5,-82.8,-69.7,BI,160.5,-153.1,-177.4,-144.1,-101.6,-135.2,C,1XJR
27,A:..28_:[..G]G,-115.9,anti,-65.9,-179.6,65.6,153.0,-150.4,-127.6,-22.8,BI,173.4,-136.8,-151.3,-164.8,-137.6,-163.4,G,1XJR
28,A:..29_:[..A]A,-172.0,anti,-96.3,-167.6,59.0,82.1,30.2,-59.5,-270.3,BII,-149.0,63.7,-160.9,30.6,-155.9,-37.2,A,1XJR
29,A:..30_:[..U]U,-133.4,anti,172.1,148.2,46.8,131.9,-105.9,-34.4,-71.4,BI,16.0,-23.4,38.8,-40.8,101.4,-12.4,U,1XJR
30,A:..31_:[..C]C,-158.3,anti,-93.9,-153.6,65.2,83.5,-138.6,-82.9,-55.7,BI,162.0,-148.0,-156.7,-145.1,-143.2,-119.7,C,1XJR
31,A:..32_:[..G]G,-143.8,anti,-74.5,164.8,55.7,85.1,-91.0,-146.0,55.0,BII,175.3,-149.0,-178.3,-160.7,-149.4,-114.2,G,1XJR
32,A:..33_:[..A]A,-118.9,anti,57.6,-179.0,49.1,131.4,-140.8,95.2,124.0,BII,-53.6,94.3,-35.3,51.2,-89.5,41.2,A,1XJR
33,A:..34_:[..G]G,-166.5,anti,48.6,169.0,178.6,78.4,-141.4,-72.4,-69.0,BI,84.4,179.5,87.6,-168.3,99.8,-134.3,G,1XJR
34,A:..35_:[..G]G,-168.1,anti,-60.6,-172.6,41.0,80.0,-151.2,-64.1,-87.1,BI,166.7,-140.0,177.8,-136.0,-142.7,-100.6,G,1XJR
35,A:..36_:[..G]G,-171.3,anti,-88.9,169.8,84.5,75.0,-153.9,-66.7,-87.2,BI,169.1,-146.1,-171.7,-144.7,-119.7,-103.5,G,1XJR
36,A:..37_:[..U]U,-157.2,anti,-70.4,173.9,64.6,89.5,-140.2,-68.3,-71.8,BI,178.9,-123.2,-164.2,-112.5,-110.3,-61.0,U,1XJR
37,A:..38_:[..A]A,-104.5,anti,-66.6,171.6,69.9,147.1,-91.7,109.9,158.4,BII,-166.6,140.3,-123.0,115.4,-69.3,135.6,A,1XJR
38,A:..39_:[..C]C,174.5,anti,164.9,-155.2,81.1,77.7,-126.5,-74.2,-52.3,BI,143.1,-129.7,129.9,-123.1,148.9,-76.4,C,1XJR
39,A:..40_:[..A]A,-173.3,anti,-59.9,164.4,52.3,84.9,-147.2,-64.2,-83.0,BI,164.8,-124.4,-174.0,-122.1,-106.5,-80.7,A,1XJR
40,A:..41_:[..G]G,-167.3,anti,-56.5,170.2,43.4,82.5,-154.5,-70.0,-84.5,BI,164.3,-142.1,-170.9,-140.8,-103.1,-112.7,G,1XJR
41,A:..42_:[..U]U,-166.8,anti,-70.2,-179.8,53.0,76.6,-149.9,-75.3,-74.7,BI,169.7,-148.9,-179.2,-145.8,-136.3,-126.4,U,1XJR
42,A:..43_:[..G]G,-168.2,anti,-67.4,164.6,57.1,78.3,-136.9,-92.6,-44.2,BI,168.1,-148.0,-179.9,-146.7,-148.0,-115.1,G,1XJR
43,A:..44_:[..A]A,-162.2,anti,-43.7,148.4,49.3,81.1,-152.4,-74.1,-78.2,BI,165.9,-143.0,-179.6,-147.6,-131.5,-117.0,A,1XJR
44,A:..45_:[..A]A,-168.7,anti,-96.9,170.9,83.4,78.5,-134.0,-77.3,-56.6,BI,166.5,-141.2,177.7,-140.0,-133.7,-100.3,A,1XJR
45,A:..46_:[..U]U,-160.4,anti,-55.7,159.9,55.1,76.5,-162.7,-70.3,-92.5,BI,168.4,-151.2,-171.7,-152.5,-111.9,-144.6,U,1XJR
46,A:..47_:[..U]U,-153.0,anti,-104.3,-165.9,72.8,74.9,,,,,NA,NA,NA,NA,NA,NA,U,1XJR
